<?xml version="1.0" encoding="UTF-8"?>
<project-private xmlns="http://www.netbeans.org/ns/project-private/1">
    <editor-bookmarks xmlns="http://www.netbeans.org/ns/editor-bookmarks/2" lastBookmarkId="0"/>
    <open-files xmlns="http://www.netbeans.org/ns/projectui-open-files/2">
        <group>
            <file>file:/Users/eduardoramirez/OneDrive%20-%20Innovacción%20-%20Microsoft%20Educacion%20Mexico/6.Android%20Mobile/Java/Grupal_08_2/src/grupal_08_2/Usuario.java</file>
            <file>file:/Users/eduardoramirez/OneDrive%20-%20Innovacción%20-%20Microsoft%20Educacion%20Mexico/6.Android%20Mobile/Java/Grupal_08_2/src/grupal_08_2/Grupal_08_2.java</file>
        </group>
    </open-files>
</project-private>
